[
    {
        "id": "68ec2b657918b0.52805803",
        "name": "Tech Distribuidora LTDA",
        "cnpj": "12.345.678\/0001-90",
        "email": "contato@techdist.com.br",
        "phone": "(11) 3456-7890",
        "address": "Rua das Tecnologias, 123",
        "city": "São Paulo",
        "state": "SP",
        "status": "active",
        "created_at": "2025-10-12 19:27:49"
    },
    {
        "id": "68ec2b65791907.54293075",
        "name": "Mega Importadora S.A.",
        "cnpj": "98.765.432\/0001-10",
        "email": "vendas@megaimport.com.br",
        "phone": "(11) 9876-5432",
        "address": "Av. Importação, 456",
        "city": "São Paulo",
        "state": "SP",
        "status": "active",
        "created_at": "2025-10-12 19:27:49"
    }
]